key;name
/authors/OL11742603A;Inka Le-Huu
/authors/OL12680452A;Juanjo Barco
/authors/OL9671118A;Jamal Notes
/authors/OL323747A;Stefan Doroszewicz
/authors/OL6840079A;Sharon Shalev
/authors/OL1089671A;Matilda Blair
/authors/OL790140A;Kandēlēs, Iō. D.
/authors/OL7221453A;Mound Nursery
/authors/OL6022448A;Virginia Commission on Boundary Lines (1870 -1874)
/authors/OL2507847A;Miley, John
/authors/OL7576846A;Peng-yeng Yin
/authors/OL3509570A;Negi Banno
/authors/OL1675849A;Fred Goldstein
/authors/OL713847A;Fenwick, Elizabeth.
/authors/OL3872244A;Randy Stanton
/authors/OL10125417A;Chinedu Amaka
/authors/OL7531730A;Ilana Glazer
/authors/OL474222A;Frank Costello
/authors/OL10397772A;Larry Squyres
/authors/OL2087990A;Gertrud Susanna Gramulla
/authors/OL1676595A;Ola Bethard Pratscher
/authors/OL5649024A;London. Corporation. Solicitor.
/authors/OL9987307A;Oscar Dahlsten
/authors/OL11334073A;Lisa Frank Coloring Book
/authors/OL4419513A;Elton, Oliver Mrs.
/authors/OL8838069A;Manuel F. Soria Alarcón
/authors/OL12515404A;Range                        W
/authors/OL884716A;Dieter Stein
/authors/OL10886551A;Navidad Thélamour
/authors/OL12235058A;M. Silverstein
/authors/OL325143A;Renate Schmidt
/authors/OL1530884A;"Ogólnopolska Konferencja ""Pogranicze Polsko-Pruskie i Krzyżackie"" (2002 Górzno, Województwo Kujawsko-Pomorskie, Poland)"
/authors/OL3685235A;Naveed Anwar
/authors/OL7698956A;Nadia Woollery
/authors/OL8728232A;Gongzhen Zhu
/authors/OL517602A;Stella Maris Piazza Souza
/authors/OL5872424A;Alexander Geurds
/authors/OL7086351A;Ṣābir ʻAlī Ṣābir
/authors/OL6777302A;Anne-Laure Vaurs-Chaumette
/authors/OL231145A;Tom Schnabel
/authors/OL165604A;Marius Robinson Campbell
/authors/OL28313A;Thompson, Kate
/authors/OL8681751A;Roland Schär
/authors/OL1019873A;Afanasiĭ Salynskiĭ
/authors/OL11431436A;Ann Marie Meulendyke
/authors/OL12721563A;Teresa Bene
/authors/OL11339868A;Chanelle Spielmaker
/authors/OL2335795A;May Ingram Perry
/authors/OL7535149A;Amanda Skenandore
/authors/OL1722627A;Kassel. 1977.
/authors/OL9056793A;Achintya Bhattacharya
/authors/OL7310133A;Gene T. Boyer
/authors/OL1705762A;A. S. Abbas
/authors/OL6368504A;W.G.V. (William Geraint Vaughan) Rosser
/authors/OL1062595A;Holger Voigts
/authors/OL7502347A;Andy Dudak
/authors/OL2424606A;National Coal Association.
/authors/OL365627A;DeLisle Worrell
/authors/OL2444700A;Albert Zabriskie Gray
/authors/OL3935049A;Y. Bamberger
/authors/OL7724297A;Jan Lazardzig und Viktoria Tkaczyk
/authors/OL749819A;Axel Keller
/authors/OL5396836A;Ulrich Kühne
/authors/OL9260561A;Laconis Books
/authors/OL6657724A;Karl Wilhelm Feuerbach
/authors/OL1411070A;Eric Conte
/authors/OL8074759A;Sven Nordqvist
/authors/OL9924140A;Fancy Pants Formatting
/authors/OL3490807A;Eva B. Moses
/authors/OL1790056A;Eberhard Eyser
/authors/OL12544975A;Iván Gómez Avilés
/authors/OL9949211A;BERNARD REY (Francés)
/authors/OL4724710A;richard andersen
/authors/OL12933256A;Edwin Airington
/authors/OL12790946A;david l. harrison
/authors/OL8535985A;Miriam Schröder
/authors/OL1916077A;Clarence E. Mason
/authors/OL3353219A;Ann P. Young
/authors/OL500971A;María Isabel Calero Secall
/authors/OL12553215A;Roser Barrufet Soldevilla
/authors/OL6251100A;Thomas J. Lewin
/authors/OL10421652A;Anime Gothic calender
/authors/OL444374A;Jan Joosten
/authors/OL8272906A;Tree Carr
/authors/OL13016730A;Julie A. Bilodeau
/authors/OL8551068A;Manuel Lozano
/authors/OL9643098A;Beth Custer
/authors/OL365659A;Lawrence E. Dubé
/authors/OL12181207A;Victor E Hoven
/authors/OL6430107A;CETUS (Consortium). CSU-SUNY-CUNY Joint Committee. Working Group on Ownership, Legal Rights of Use, and Fair Use.
/authors/OL483497A;Andrée Lacelle
/authors/OL10116442A;Riley Williams
/authors/OL1958918A;Lewis Merklin
/authors/OL439740A;Association française des historiens des idées politiques. Colloque
/authors/OL13023682A;Kary Glaskill
/authors/OL9799249A;Rita Amos
/authors/OL8774959A;Italy) Dalla concordia dei Greci al bellum iustum dei moderati (Conference) (2011 Milan
/authors/OL5484825A;Paresh
/authors/OL10507577A;American Educational Theatre Association. Committee on Research
/authors/OL4187198A;Juliette Benzoniova
/authors/OL1810374A;Seminar on Teacher Centers University of Chicago 1977.
/authors/OL6510989A;Martti Arkkila
/authors/OL12010535A;Samuel David ben Jehiel Ottolengo
/authors/OL10921278A;Gérard Brébion
/authors/OL3187180A;F. W. Van Leeuwen
/authors/OL9868993A;Stephnie Weir
/authors/OL5240822A;Horace James Fuller
/authors/OL6654437A;Adam Szelągagowski
/authors/OL3507858A;Sharyl Majorski
/authors/OL8814506A;Madana Mohana
/authors/OL3273724A;Jayne E Chang
/authors/OL6586561A;Nāṣir ʻAlī Akbar Sulṭān
/authors/OL11448845A;McGraw hill companies
/authors/OL916018A;N. Nasrašvili
/authors/OL5970432A;Núria Domedel
/authors/OL4628381A;Evelyne Cauzinille
/authors/OL12385797A;Brysen Mann
/authors/OL10266102A;Caylee Raber
/authors/OL10197861A;amine edition
/authors/OL12613890A;ARACELI GOMEZ MARTIN
/authors/OL8402629A;Mutez Practice Books
/authors/OL8987524A;Fundación Jujuy 3000
/authors/OL2179589A;Luther Heddon North
/authors/OL11250405A;Brad Dornish
/authors/OL841362A;Reg Vallintine
/authors/OL327213A;Mark M. Morrison
/authors/OL11542101A;René-Pierre Anouma
/authors/OL4660753A;Criminal Law Conference. Osgoode Hall Law School 1964)
/authors/OL12312783A;Christiane Lüschen-Heimer
/authors/OL2683107A;E. J. Wylie
/authors/OL204465A;Sebastião Braga
/authors/OL4190594A;M.V. Subramanyam
/authors/OL495826A;N. M. Popov
/authors/OL5198139A;Fr Scheiding
/authors/OL9048159A;Shūtarō Matsuoka
/authors/OL12030118A;Rolf N. Feyling-Hansen
/authors/OL687269A;Abū Ǧa ʻFar Al-Idrīsī
/authors/OL1274859A;Kuroda, Toshio
/authors/OL6552207A;Hyman Neḥemyeh Fishbein
/authors/OL2727533A;Penny Hunking
/authors/OL1122345A;Edgar Woollatt
/authors/OL7002487A;Nihon Keiryō Kiki Kōgyō Rengōkai
/authors/OL9527297A;Benigashira
/authors/OL2254058A;Robert F. Loree
/authors/OL7929842A;Lesław Gołębiowski
/authors/OL5222455A;Rhode Island College (1764-1804). Library
/authors/OL5068004A;Phillips Endicott Osgood
/authors/OL5373820A;Lemoine, Paul Mme
/authors/OL9817198A;Amazing Violin
/authors/OL3503397A;Treadwell/Wood
/authors/OL10677964A;Krystal Ewing
/authors/OL13015802A;Noé Aubert
/authors/OL1256864A;Jovanović, Božo Mr.
/authors/OL6756308A;Avraham rav be-ʻir Frumushiḳe
/authors/OL9396144A;Natalie Nightingale
/authors/OL4613873A;José Pinheiro Fernandes
/authors/OL7340249A;Andrew D. Badley
/authors/OL5580596A;Air Infiltration and Ventilation Centre (Conference) (19th 1998 Oslo)
/authors/OL2134075A;C. Bouscaren
/authors/OL7188665A;Henry Guckel
/authors/OL1764218A;Sidney Wendell Edlund
/authors/OL7728116A;Alan S. Blood
/authors/OL10150820A;Sandra Sweeten
/authors/OL3571859A;Georges Daniel Volpilhac
/authors/OL10128919A;Anastasios Ioannidis
/authors/OL11857099A;Muḥammad Fawzī Sayyid
/authors/OL5931301A;D. H French
/authors/OL8348541A;Allen Hamlin Jr.
/authors/OL8630684A;R. A. Safitri
/authors/OL5026816A;Michio Chimura
/authors/OL7227324A;Ganglin, zuan xiu
/authors/OL6113388A;Eiji Okubo
/authors/OL2051678A;Ratmirov, I͡U. A.
/authors/OL9319552A;United States. Division of International Health
/authors/OL8835488A;Society of Civil Engineers. Task Committee on Blast Resistant Design
/authors/OL10172161A;Anchal Gupta
/authors/OL3616055A;Oelhafen
/authors/OL1555958A;Bekkers, Th. J. M.
/authors/OL3603711A;Joseph Stoltman
/authors/OL831527A;Barbara L. Dondiego
/authors/OL6257088A;Maritime Baptist Publication Company.
/authors/OL5654520A;Jesús Emilio Ramírez
/authors/OL13013305A;Dana Jaffe
/authors/OL8695515A;Keshen Tian
/authors/OL2743803A;WINFIELD
/authors/OL11328394A;Mary Jo Silversmith
/authors/OL9982248A;Mark G. Ehrhart
/authors/OL11634466A;Romania) Prima Societatea Fraterna pentru Vindecarea de Bolnavi si Inmormantarea Decedatilor (Iasi
/authors/OL11865539A;Roberta Conforti
/authors/OL11680365A;J.R. Mooren
/authors/OL1968658A;Canada. Vital Statistics Section.
/authors/OL11285943A;Ed Bruinvis
/authors/OL3702871A;Roland J. Cheney
/authors/OL637336A;Rodney T. West
/authors/OL1041056A;V. F. Vasilʹev
/authors/OL445244A;R. R. McCown
/authors/OL9127613A;Zoe Harpham
/authors/OL7326933A;Lisa Bradshaw
/authors/OL1222597A;Tamura, Keiji
/authors/OL5171888A;James W Altschuld
/authors/OL1465127A;David A. Bownas
/authors/OL47563A;Maria Maira Niri
/authors/OL11614451A;A. V. Dzemidovich
/authors/OL12800849A;Smulders, Beatrijs, Croon, Mariël
/authors/OL3483879A;Edna Mcgrew
/authors/OL5342242A;White House--Department of Interior Panel on Waterlogging and Salinity in West Pakistan.
/authors/OL12459506A;Denise Cleveland
/authors/OL8152281A;Suzanne Fernie
/authors/OL277213A;N. P. Pavperova
/authors/OL10751036A;Giacomo Torzo
/authors/OL4365394A;Avebury, Eric Lubbock Baron.
/authors/OL12646282A;GLORIS, THIERRY/ LAMONTAGNE, JACQUES
/authors/OL5603626A;I︠E︡vhen Li︠a︡khovych
/authors/OL3415483A;John Ray Hoke
/authors/OL8063213A;Robert Freitas
/authors/OL12458539A;Malbuch Studio
/authors/OL12323712A;Constance Hopkins
/authors/OL809521A;Alain Vitaux
/authors/OL11607993A;C.J. Golden
/authors/OL4293381A;Kelly Tjaden
/authors/OL8125949A;Cristiano Bellavitis
/authors/OL8281847A;Filipe Ribeiro De Meneses
/authors/OL11078355A;Of Joe Designs
/authors/OL7737563A;Jeffery Dye
/authors/OL10003721A;Aquarellina Aquarellina
/authors/OL6572297A;Yanru Zhao
/authors/OL12923313A;Sachi Barriero
/authors/OL3677073A;Flint and Neil Partnership
/authors/OL8240324A;Robert P. Keep
/authors/OL9861716A;Michaela Dei
/authors/OL6427798A;E. Feindler
/authors/OL4233937A;Juan Escamez
/authors/OL5757382A;Ernesto Forcellino
/authors/OL6409529A;Dan Ramsey
/authors/OL3921409A;Yasuji Nakai
/authors/OL11406267A;Benedict R. O'G Anderson
/authors/OL11294314A;Giorgia Aureli
/authors/OL2895358A;Linda Eberle
/authors/OL4874720A;François de Morains
/authors/OL2745065A;Graham Zanker
/authors/OL7305289A;Jon Huckeby
/authors/OL10490488A;Megan Penland
/authors/OL6573115A;Susanti Adi Nugroho
/authors/OL9863119A;Clifton I. Seeney
/authors/OL11714435A;A magistrate of the County of Berks
/authors/OL421269A;Edward R. Tufte
/authors/OL6722975A;Bählul Hüseynov
/authors/OL5388019A;Sylvia Méluzin
/authors/OL2317582A;Otto F. W. T. Griepenkerl
/authors/OL4069833A;Renate Hansen-Kokorus
/authors/OL3058545A;J. M. Fenton
/authors/OL3770448A;C. M. Knighton
/authors/OL10650184A;Christiane Hagn
/authors/OL1826733A;Nancy Boon
/authors/OL996445A;Surya Kiran Gurung
/authors/OL6895924A;Ruperto de Jesus
/authors/OL1158006A;Massimo Scicchitano
/authors/OL4384431A;Geoffrey Hugh Griffiths
/authors/OL2356423A;Čiro Truhelka
/authors/OL3929391A;H. Honour
/authors/OL11868578A;Lia Soorenian
/authors/OL12024323A;Daniil Zatochnik
/authors/OL7470399A;Anthony Kenny
/authors/OL3245367A;Alessandra Sanguinetti
/authors/OL10007490A;Elle-Mari Talivee
/authors/OL826002A;B. I͡A Skshidlo
/authors/OL3999307A;Marion Buchheister
/authors/OL3456747A;Sarah Cotton
/authors/OL3551121A;W. Clark Litten
/authors/OL2013278A;S. W. Reeder
/authors/OL6094127A;J M. Marsh
/authors/OL2687438A;Edward Rathmell
/authors/OL844987A;Kenneth W. Sollitt
/authors/OL6524680A;MARTIN REICHARD
/authors/OL2323526A;Ellis Parker
/authors/OL12235352A;Mathiesen & Newhouse Galleries
/authors/OL1362143A;Takada, Mizuho
/authors/OL2253437A;Manfred Sturmann
/authors/OL8821876A;Gastón Borges
/authors/OL6631557A;Mykhalo Petrovych Drahomaniv
/authors/OL185229A;Tore Iversen
/authors/OL8171677A;K. Satya Prasad
/authors/OL11093243A;Kemoy Douglas
/authors/OL9789855A;Ralf Marten
/authors/OL7657296A;Jonathan J. Moore
/authors/OL7320397A;Joel Porter
/authors/OL12479878A;Waverly Miller
/authors/OL7498254A;Anders Goransson
/authors/OL12342301A;William Townsend 1766-1849 Aiton
/authors/OL11573655A;José Carlos Monroy Rodríguez
/authors/OL9833484A;Story unicorn Edition
/authors/OL3405875A;1978 Diltiazem Hakone Symposium
/authors/OL7097021A;Nicholas E. Denysenko
/authors/OL2631209A;Larry King
/authors/OL9602133A;Ilene Nagel Bernstein
/authors/OL7375710A;Myddelton Philip Parry Price
/authors/OL10344495A;Condé Nast
/authors/OL3870175A;Mick E. Jones
/authors/OL2986776A;Iain Toombs
/authors/OL7775801A;Gong wei
/authors/OL3297699A;Georgi Vladimov
/authors/OL69422A;Vygandas Marburgietis
/authors/OL13037406A;John Yohn
/authors/OL12343194A;Walt 1862-1939 Mason
/authors/OL3249009A;Loechel
/authors/OL3599350A;Joan Gottleib
/authors/OL12480914A;VideozAB Coloring
/authors/OL6718517A;Édouard Choquet
/authors/OL11781808A;Tammy Ries
/authors/OL11271974A;Osstora OSSTORA R
/authors/OL2990797A;Matthew Curry
/authors/OL4820893A;Karin Dohmen
/authors/OL8063465A;Lawrence R. Harvill
/authors/OL12265347A;Doriath, Sophie, Doriath, Olivier
/authors/OL8693708A;Ainai Ma
/authors/OL12072553A;Lyra J. Colfer
/authors/OL9717930A;Mark C. Wilson
/authors/OL392297A;Roy Hicks
/authors/OL135507A;Signe Forsberg
/authors/OL9048818A;M. T. Taghyi̐ev
/authors/OL5474599A;Baoxian Di
/authors/OL4712532A;Alba De Céspedes
/authors/OL2909979A;Allison M. Curran
/authors/OL7392221A;Michel Chodkiewicz
/authors/OL7438681A;Roderick Benns
/authors/OL3339920A;Cathie Celestri
/authors/OL11556915A;Chantal Van den Heuvel
/authors/OL4896861A;Girolamo Bax
/authors/OL7323834A;Leah Hazard
/authors/OL3141068A;Musee de la Mode
/authors/OL8013424A;Nicolo Sartori
/authors/OL1498253A;New York (State). Task Force on Election Modernization.
/authors/OL11777550A;Pavel Dan
/authors/OL6380598A;Alan Alexander Luhring
/authors/OL12177873A;Pierre-François Briot
/authors/OL4429036A;Diner-out.
/authors/OL5142203A;Hiromasa Hayashi
/authors/OL9473755A;EWALD
/authors/OL6149867A;Philippe de Bercegol
/authors/OL8596621A;Maria Zuber
/authors/OL5150120A;Phillips, R. dramatist
/authors/OL397267A;Tyra Banks
/authors/OL9149889A;Llewellyn H. Rockwell Jr.
/authors/OL307625A;Kusumakumāra
/authors/OL6326243A;W A C. Adie
/authors/OL12164368A;National Council of the Churches of Christ in the United States of America. Black Christian Education Resources Center
/authors/OL4058549A;Jacobus A. McDonough
/authors/OL9994574A;"John Wood; Marcus Gray"
/authors/OL9818324A;J. S. A. I. Chandra K. V. L. N Murthy P. SOWMYA
/authors/OL7537160A;Meyer, Linda (Writer on vegan cooking)
/authors/OL11119339A;M. Brooklyn Allen
/authors/OL6678202A;Johannes R. Borbis
/authors/OL5153236A;Mariusz Kostecki
/authors/OL8898237A;Vera Mikhaĭlovna Moskalet︠s︡
/authors/OL890297A;Tedric A. Harris
/authors/OL7236777A;John Leycester Adolphus
/authors/OL10113408A;Financial Rewire
/authors/OL3248332A;Julia Graham
/authors/OL8663790A;Nicolas Fornerod
/authors/OL7809072A;Latosha Carter
/authors/OL10327280A;Alwena Kénan
/authors/OL2650594A;Brake Systems Parts Manufacturers Council
/authors/OL9027473A;Ga.) Morehouse Conference on African American Fathers (1998 Atlanta
/authors/OL1904115A;Mulder, J.
/authors/OL2515531A;Aug Visschers
/authors/OL7600276A;Edna Robinson
/authors/OL4844650A;Anatolii Tikhonovich Gladilin
/authors/OL7856067A;Hendrik Broer
/authors/OL9816375A;O. G. Editions
/authors/OL9405406A;Inc Brick Manufacturers Association of New York
/authors/OL4691515A;Panasonic AG460
/authors/OL5967583A;CYNTHIA WESLEY-ESQUIMAUX
/authors/OL668564A;Friedemann Sternel
/authors/OL10843550A;R. Crampton
/authors/OL8987495A;Lázaro Hernández Muñoz
/authors/OL5490318A;Signorini.
/authors/OL691910A;Hill, Wilhelm
/authors/OL9743308A;Stinne Gunder Strøm Krogager
/authors/OL1153683A;N .N Malʹt͡seva
/authors/OL8555543A;Philippe Ludwig
/authors/OL11194639A;Yello Balolia
/authors/OL6196391A;L. Reboud
/authors/OL2431178A;Jacob Wendell Clark
/authors/OL556551A;P. V. Sheremetevskiĭ
/authors/OL1640844A;UJNR Panel on Fire Research and Safety.
/authors/OL11820632A;Serdar Ataol
/authors/OL11819483A;Anas Taysīr ʻAbd Ṣalāḥāt
/authors/OL6995430A;Brigitte M. Duffy
/authors/OL11279025A;Ileen Ahalt
/authors/OL9245596A;Jamie Jo Wright
/authors/OL10196081A;Yula Yula Zhenya Kuzin
/authors/OL8949630A;Wŏn-ho Kim
/authors/OL8076345A;Andrew Benford
/authors/OL10109956A;Rick Norton
/authors/OL2275400A;William Thomas Carlisle
/authors/OL587522A;Dick Foth
/authors/OL11978124A;Francisco Leal Díaz
/authors/OL5889807A;Simposio de Estudios Sefardíes 1st Madrid, 1964
/authors/OL2821848A;Sebastein Charles
/authors/OL3374312A;Brian Mcginn
/authors/OL12258250A;Haskell Mary
/authors/OL4966333A;Takuji Koike
/authors/OL4684498A;Francisca Helena Johanna Hendriks
/authors/OL649952A;D. K. Alford
/authors/OL1114934A;Mira Seth
/authors/OL3988732A;Roland Stolzenburg
/authors/OL7510414A;Cui zhong lei
/authors/OL357325A;Edward John Way
/authors/OL3847128A;Steve Houpe
/authors/OL4561618A;George Samuel Foster Kemp
/authors/OL178846A;Qazi Masum
/authors/OL11700629A;Kwang-dŏk Sŏ
/authors/OL6233715A;Alwyn Du Camp
/authors/OL8930501A;Kyun-sŭng Chŏng
/authors/OL2004511A;International Conference on Metric Education Biloxi, Miss. 1975.
/authors/OL9186129A;Warren Doyle
/authors/OL4653429A;Roland G Ruppenthal
/authors/OL3750440A;harry W. Rosen
/authors/OL1130425A;Veselin Ristic
/authors/OL12792396A;Padua, Mayra Leticia Ortiz, Usischon, Alyssa Borrero, Nieves, María, Borrero, Nomar Nikko
/authors/OL10321224A;R. Jon MacDonald
/authors/OL3534541A;David Rubenstein FRCP MD
/authors/OL11937028A;Galesburg Equal Suffrage Association
/authors/OL1234883A;Patricia M. Lengermann
/authors/OL7821464A;Zhang yu ru
/authors/OL6633762A;Ranko Jovanovi
/authors/OL70621A;Popa, Vasile conf. univ.
/authors/OL3953081A;David Chapelier
/authors/OL2489635A;V. P. Galakhov
/authors/OL12343542A;Henri 1807-1864 Fm Ternaux-Compans
/authors/OL5929004A;Diarmuid Ó Duibhne
/authors/OL8086450A;E. Grady Bogue
/authors/OL12696240A;Ramón Mora i Rosich
/authors/OL11911968A;Andrzej Butkiewicz
/authors/OL4860770A;Frank K. Lu
/authors/OL2187217A;Hallwag AG
/authors/OL2470828A;Annita Giatrakou-Louvē
/authors/OL5690363A;Ulrich Diel
/authors/OL10821236A;Władysław Bentkowski
/authors/OL9014402A;A. Asharaf
/authors/OL7627607A;Leo Songeregger
/authors/OL10156487A;Bénédicte Cuenot
/authors/OL9183358A;Inrasara Phú Trạm
/authors/OL6879369A;Masataka Mori
/authors/OL8424809A;print
/authors/OL12341648A;Rudolf 1915- Ill Freund
/authors/OL8217678A;Numa Praetorius
/authors/OL7392415A;Martina Marsá Lafarge
/authors/OL1525868A;Śyāmadāsa Vaishṇava
/authors/OL12645340A;Mª Mercedes López Toreccilla
/authors/OL11430344A;Friedrich A./Lloyd W. Mints Lutz (Editors)
/authors/OL11887045A;Hannah Jacobi
/authors/OL11389086A;Jennifer Byers Chambers
/authors/OL10596160A;Peter M. Brennan
/authors/OL5395147A;Michael A. Hack
/authors/OL637279A;Novomīrskīĭ.
/authors/OL5492670A;International Symposium on Ice. (10th 1990 Espoo, Finland)
/authors/OL4394056A;Viktor Vasilyevich Shevchenko
/authors/OL9766793A;Charles G. Roberts
/authors/OL10071308A;The #1 Sports Writer for Kids
/authors/OL1080317A;George Michael Perreault
/authors/OL352163A;Parke Godwin
/authors/OL10017816A;Mats Alexandersson
/authors/OL2901697A;Thomas G. Oria
/authors/OL2033669A;Johnrae Earl
/authors/OL3127847A;Marie-Françoise Notz-Grob
/authors/OL10595388A;Marie Trawinski
/authors/OL7917459A;Stéphanie Joire
/authors/OL3019310A;Robert J. Toth
/authors/OL20881A;Kurt D. Bruner
/authors/OL1057040A;Fernanda Mestrinho
/authors/OL6841570A;Bianca Gusenbauer
/authors/OL6788437A;lulu.com
/authors/OL8443666A;Zi fu
/authors/OL3740875A;Su-Huel Huang
/authors/OL6173605A;Xiandong Li
/authors/OL9136240A;Lennox Randon
/authors/OL10751906A;M. Mosleh Uddin Bhuiyan
/authors/OL9846960A;S. C. P. Level-5 Archive - Rebekah Books
/authors/OL387415A;Kathie Lee Gifford
/authors/OL5480451A;Christopher Studley
/authors/OL10136722A;Marie 19th Cent Guérin
/authors/OL9796151A;Montreal Evans
/authors/OL5665271A;J. Stevenson
/authors/OL6628842A;Rubén M. Campos
/authors/OL9191368A;Djuana M. Ross
/authors/OL838160A;Donald N. Riemer
/authors/OL4836767A;Katarzyna M. Dziegielewska
/authors/OL7927937A;C. Bonan-Hamada
/authors/OL5964191A;Vincenzo Fabrizi
/authors/OL626776A;Alberto de Mestas
/authors/OL4952944A;André Borrély
/authors/OL2911359A;Albert O. Brinkmann
/authors/OL3126516A;Carroll, R. Johnson
/authors/OL8532897A;Patricia A. Brown
/authors/OL12424084A;Matt Dixon
/authors/OL10322849A;Mz Monica H
/authors/OL7544071A;Helene Druvert
/authors/OL4890458A;Illinois. Dept. of Mental Health
/authors/OL728566A;K. Gailit
/authors/OL3305734A;Ingham/ Aggleto
/authors/OL2947443A;Lynna Piekutowski
/authors/OL6230181A;Yong-jin Song
/authors/OL6753999A;Mishṭeret Yiśraʼel. Mikhlalah li-ḳetsinim bekhirim. Medor hadrakhah.
/authors/OL1130016A;H. E. Bell
/authors/OL2990517A;Lance, S. Sigal
/authors/OL4070242A;Rebekka Bratschi
/authors/OL3960654A;Frances  A. Dipper
/authors/OL340551A;Velimir Khlebnikov
/authors/OL540578A;Clifford E. Dykstra
/authors/OL10244A;Keharisiṃha Madhukara
/authors/OL5428071A;Charles V. Botterill
/authors/OL6342005A;ZINCK ANDREW MICHAEL
/authors/OL7068924A;Yara Falcon
/authors/OL3890875A;régine Quéva
/authors/OL1690956A;Michael Marberger
/authors/OL616248A;Enrique A. Rodríguez Doig
/authors/OL5370181A;ʻĀmir Ḥusayn
/authors/OL3579376A;Renee Fodor Schwarz
/authors/OL1136265A;Wolfgang Pusch
/authors/OL12361131A;Gordon Oliver 1912- Rothney
/authors/OL7915233A;Delderfield's eric.
/authors/OL6319521A;R. W Davis
/authors/OL2587058A;Crispe, Thomas Edward
/authors/OL10060727A;Jasmin Wrobel
/authors/OL3052546A;Holmes Greene
/authors/OL8662523A;Stéphanie Lesuffleur
/authors/OL3223915A;Esrefoglu Rumi
/authors/OL10845449A;Mills And Koll Staff
/authors/OL11851754A;Philippe Goridis
/authors/OL2200164A;Carlos Espinach Escalante
/authors/OL3465571A;Invisible Sam
/authors/OL11023052A;Pep Subirana
/authors/OL2361883A;Thomas Archer
/authors/OL11481161A;W Forbes Gray
/authors/OL3833197A;Jordan Powell
/authors/OL10157491A;Leah M. Omilion-Hodges
/authors/OL4217011A;Majid Mahmud Abu Hujayr
/authors/OL12517699A;Chase, Edna Woolman, Chase, Ilka
/authors/OL9975994A;June Peters
/authors/OL9156698A;Elodie Poux
/authors/OL1775209A;Herschel Specter
/authors/OL5776904A;A. (Alexander) Alison
/authors/OL4212206A;Beatriz Marcelli
/authors/OL9030636A;Aldanei Menezes de Andrade
/authors/OL10277565A;History History Channel
/authors/OL12529266A;NIAMH GREENE
/authors/OL11045721A;Kreative Geschenkbucher
/authors/OL8653998A;Mélanie Wency
/authors/OL8828142A;V. A. Smirnov
/authors/OL3400712A;D. L. Saftner
/authors/OL1503037A;Monica Fröhlich
/authors/OL6497877A;N.C FLEMING
/authors/OL774141A;Gene Burns
/authors/OL12236291A;Peter John Marshall (Preface by Son) Catherine Marshall (Editor)
/authors/OL8706361A;Masuhisa Akai
/authors/OL2001870A;Michael Swithenbank
/authors/OL5496113A;Lucia Colonna
/authors/OL4397756A;J. F. Drage
/authors/OL7735625A;Ms Beverly Jean Tannehill
/authors/OL5882795A;J. A. williamson
/authors/OL11067439A;Denise J. Meggett
/authors/OL2284234A;Bherumal Mahirchand Advani
/authors/OL12853240A;Phoolchand Muni
/authors/OL5730487A;George Knapp Abbott
/authors/OL11836650A;Maria Isabel Cartagena Faytong
/authors/OL12083084A;V. V. Arsentʹeva
/authors/OL6752607A;Taʻarukhat ha-40 li-Medinat Yiśraʼel (1988 Gane ha-taʻarukhah)
/authors/OL2374696A;Pier Lodovico Bertani
/authors/OL3915447A;Dominique Bourel
/authors/OL3044031A;K. E. Kear
/authors/OL2794106A;Anthony J. Michael
/authors/OL2651043A;James Lasley
/authors/OL7994796A;J. Tirira
/authors/OL2947137A;YoÊ¾el ben Aharon ShvÌ£arts
/authors/OL4455830A;Nanshi F. Matsuura
/authors/OL3122140A;Cheryl Rickabaugh
/authors/OL9845494A;Miguel Esquirol Jiménez
/authors/OL776891A;Robert Warren Cromey
/authors/OL12064031A;"Tenuʻat ""Zo artsenu"" (Israel)"
/authors/OL9344488A;Catarina Beato
/authors/OL7424426A;Hannover (Germany). Provinzial-Museums
/authors/OL11514834A;قادری,نصرا...
/authors/OL3619872A;Allen G. Jorgenson
/authors/OL767301A;Dave Simmons
/authors/OL7683219A;Holly K. Szurpicki
/authors/OL4319242A;Andrew Derksema
/authors/OL12219190A;Gary Yunker
/authors/OL2709480A;Michael G. H. Coles
/authors/OL7654788A;Fern Britton (author)
/authors/OL8356474A;JillEllyn Riley
/authors/OL7246849A;Paul Wells
/authors/OL4202836A;M.A. Seaton
/authors/OL11461862A;Phanēs Michalopoulos
/authors/OL2996799A;Richard Keith Carlton
/authors/OL2842118A;Theodore E. Parks
/authors/OL7825530A;Andrej Tverdochlebov
/authors/OL9833430A;A. M. Designs
/authors/OL7543797A;José Olivarez
/authors/OL12064187A;Aimilia Xanthopoulou
/authors/OL2773043A;Marshall Cavendish L
/authors/OL13338A;Rāmavallabha Somānī
/authors/OL1354800A;Jorge Luiz Stark Filho
/authors/OL370040A;Vincent J. Bunce
/authors/OL7711178A;Ronnald Roy Cossey
/authors/OL5259001A;Riyāḍ Fākhūrī
/authors/OL12856681A;Jōṇi Jēkkab Phā
/authors/OL3247240A;Lenia Heiderich
/authors/OL1612861A;Undang Ahmad Darsa
/authors/OL2021326A;Conference on Quality Control and the Significance of Mechanical Properties Sheffield, Eng. 1974.
/authors/OL9474943A;Patricia Greichen
/authors/OL11005401A;Y. A. Y. Journals
/authors/OL3245403A;Terri Mcginnis
/authors/OL12207710A;Mr. William Alan Larsh
/authors/OL10656415A;Jeroen Van Bree
/authors/OL10525708A;Richard L. Zuras
/authors/OL9167953A;Gérard SIARY
/authors/OL2047911A;Kaigun Heigakkō, Etajima, Japan. Toshoshitsu.
/authors/OL8180366A;Hōkūlani K. Aikau
/authors/OL11344889A;Meniya Alabo
/authors/OL4831052A;Kevin C Roegner
/authors/OL8267624A;Maedhbh Clancy
/authors/OL819933A;William T. Barry
/authors/OL1271376A;Julius Anusavičius
/authors/OL12243295A;Robert Van der Veen
/authors/OL7311208A;Farid Senzai
/authors/OL1119326A;ʻAlqamah Ibn Marthad
/authors/OL9104237A;Elaine Kay Helmuth Jarvis
/authors/OL12278622A;Francine Matthieu-Loranger
/authors/OL1905751A;Kālīdāsa
/authors/OL9712998A;Susanne P. Schwenzer
/authors/OL2368007A;Margaret Meinertzhagen Booth
/authors/OL6648097A;J. H. Cook
/authors/OL4254674A;Rosa Isabel Rodriguez
/authors/OL4398012A;Thomas Henry Baylis
/authors/OL2676357A;Margaret E. Kenda
/authors/OL6542433A;Jérôme Blanc
/authors/OL5794307A;Wingey Ltd.
/authors/OL8842004A;Sevarion Nadiraże
/authors/OL5498485A;Robert Henry Dean
/authors/OL1804654A;Charles R Young
/authors/OL3539950A;Irene Ro Juliet
/authors/OL6451448A;Isamu Konuma
/authors/OL3621297A;Newton Terry
/authors/OL12759986A;Teodoro Roldán Marrodán
/authors/OL2953897A;Pearle Lange
/authors/OL245504A;Chris Sullivan
/authors/OL3020990A;Bridget Fonger
/authors/OL10007827A;Martha Cecilia Bustamante De la Ossa
/authors/OL10460438A;Sandy Slovack M. A.
/authors/OL2427823A;Matthew Porosky
/authors/OL2102907A;Riverhead (N.Y.)
/authors/OL4492981A;Christlich Demokratische Union.
/authors/OL8786174A;Olaf Czaja
/authors/OL3160868A;Europa
/authors/OL3610627A;Eugene Pottier
/authors/OL1330460A;Burl E. Self
/authors/OL8638403A;Diederik Smit
/authors/OL2213245A;Carlos Peña Romulo
/authors/OL10400407A;Larry Forrest
/authors/OL7016289A;Jiasheng Liu
/authors/OL10580914A;Caroline E Kelly Davis
/authors/OL12008658A;Margarete Adamski
/authors/OL715743A;Frank Sherry
/authors/OL9188245A;William Pitcher Creager
/authors/OL7289357A;Guillaume Perrin
/authors/OL6460351A;Wolfgang Gräfe
/authors/OL12288532A;Timoon Animation
/authors/OL8102585A;Beth Corby
/authors/OL5541910A;Johann Topolovsek
/authors/OL8133526A;John Pheasant
/authors/OL12820002A;Söhnke Dammann
/authors/OL6567331A;Glenn Arthur Gray
/authors/OL10856705A;J.W.R. Taylor
/authors/OL5174710A;D. J. MacDonnell
/authors/OL11029163A;Saka Blossom
/authors/OL6770022A;Hongci Xu
/authors/OL12080799A;Étienne Riche
/authors/OL8196802A;Andr Vandierendonck
/authors/OL7148856A;Igor A. Clemente de Morais
/authors/OL3320787A;Katharine F. Goodwin
/authors/OL10003931A;Joseph Mangina
/authors/OL6770653A;Mohr
/authors/OL8861983A;India) International Hands-on Training on Energy Audit for Energy Professionals in Developing Countries (2011 Mumbai
/authors/OL2975604A;Paul Alan Laughlin
/authors/OL1915978A;Sarah Ann Henry
/authors/OL10992236A;Raphael Horace
/authors/OL1004286A;International Workshop on Immune-Deficient Animals (6th 1988 Beijing, China)
/authors/OL1185820A;Mahdī Malikʹzādah
/authors/OL1150291A;Elspeth Strachan
/authors/OL11345832A;Amor Felice
/authors/OL687485A;Marburger Forum Philippinum (22nd 1990)
/authors/OL5669128A;Sajid Ahmed Syed
/authors/OL5145225A;Hillel Gamoran
/authors/OL8155174A;Susan Lewis Hammond
/authors/OL10149366A;Arnold Plotnick
/authors/OL13006511A;Hildegard Lehnert
/authors/OL8113335A;Angela D. Lueking
/authors/OL4793061A;Colloquy on European Law. 1981 Messina, Italy)
/authors/OL9390913A;Ulrich Friedrich Varenbüler
/authors/OL6255395A;Henryk Comte
/authors/OL4501126A;Marie Thérèse Jones-Davies
/authors/OL8642481A;Helga Hunze
/authors/OL4707268A;L. Olmo
/authors/OL12806079A;Gavin with Zulfikar Ghose and B.S. Johnson Ewart
/authors/OL4465415A;Khalifa Kher Hassen Shoshan
/authors/OL11350191A;Ferdinand Benoy
/authors/OL11868423A;Mengu Sukan
/authors/OL10158380A;Suprasanna Penna
/authors/OL3437729A;Eva Tardos
/authors/OL2747392A;Arthur Mitchell
/authors/OL3552088A;Hsiu-ju Stacy Lo
/authors/OL9933199A;Ekaterina Isaeva
/authors/OL8656007A;William Flores
/authors/OL579171A;Barbara Allan
/authors/OL524430A;Nguyẽ̂n, Hiè̂n Đức.
/authors/OL1038568A;A. L. Reznikov
/authors/OL1419893A;Ek'a Kurniawan
/authors/OL9755909A;Abu al-Fath ibn Abi al-Hasan
/authors/OL918398A;Robert Derathé
/authors/OL12179433A;N.P. Dawnay Archibald Elliot Haswell Miller
/authors/OL6457718A;Michèle Vasarely
/authors/OL11632452A;ʻAbd al-Ilāh Buraykī
/authors/OL5848167A;Shemuʾel Yehudah Ṿaingoṭ
/authors/OL3950780A;Matveeva I.
/authors/OL9731477A;Barry J. Ashmore
/authors/OL8012897A;T. Elfering
/authors/OL12276879A;KATHERINE SUTCLIFFE
/authors/OL8968196A;Ilari Lindroos
/authors/OL10876361A;Magnus Phoenix
/authors/OL972190A;Marga Kessler-van den Heuvel
/authors/OL3399379A;J. Mimmo
/authors/OL6683929A;Friedrich Ropke
/authors/OL8857836A;A. A. Bukatynskiĭ
/authors/OL757781A;David L. Nordstrom
/authors/OL4260924A;Elizabeth F. McLlwain
/authors/OL2109475A;I. C. Marshall
/authors/OL971882A;Siegfried Haider
/authors/OL3865326A;Mumtaz Ali
/authors/OL2445920A;Harvey Hamilton Roberts
/authors/OL11331892A;he ye he
/authors/OL9376516A;Rev. Dr. Flora Williams
/authors/OL3031860A;Gary L. Gallegos
/authors/OL10711387A;Daniel R. Boscia
/authors/OL3674987A;R. Marie Flakes
/authors/OL2921262A;Znedik Szablic
/authors/OL10071016A;Kelly Lynn Parra
/authors/OL11508480A;U. S. Riot Commision Report
/authors/OL10318284A;Racheal Urusaro
/authors/OL3256437A;Yvonne Perez Collins
/authors/OL7887101A;Y. Temel
/authors/OL8708268A;Andrey Bezrukov
/authors/OL7154077A;Aleksander Cieśliński
/authors/OL10533658A;Max Schasler
/authors/OL8014359A;Sydney D. Bailey
/authors/OL6841179A;Manuel Castelló
/authors/OL8349694A;Maya Thoresen
/authors/OL1939764A;Hugo Durand A.
/authors/OL2624242A;David Peacock & Noel Tredinnick
/authors/OL3274104A;Ralph. McInerny
/authors/OL7605384A;Zhen Bian
/authors/OL4087276A;Language Unlimited
/authors/OL6054108A;J. L. Archambault
/authors/OL253913A;I͡Aroslava Aleksandrovych-Pavlychko
/authors/OL12444253A;Trina Trausch
/authors/OL9933315A;Erdem Kurtuldu
/authors/OL792319A;Cees Zevenbergen
/authors/OL12622581A;LLUNA VICENS
/authors/OL11215530A;Kyson Forest
/authors/OL2502655A;Thomas Henry White
/authors/OL12181046A;CHEN WEI BIAN ZHU
/authors/OL3367966A;Ph Regents
/authors/OL10138585A;Prof Nikos D Sakkas
/authors/OL8673554A;I︠U︡. I︠U︡ Nei︠a︡skina
/authors/OL10495826A;Aruṇa Kumāra Pasavāna
/authors/OL3208724A;Viviana Kuri Haddad
/authors/OL5205195A;J.A. Patrick Pougnet
/authors/OL7515471A;Yi-ssu Liu
/authors/OL10872199A;Luisa D.
/authors/OL11716685A;Sven Erik Østergård
/authors/OL842061A;J. C. Bennett
/authors/OL8662306A;Edwina Moreno Guerra
/authors/OL8707602A;Enisan A. Akinlo
/authors/OL11438257A;ʻAṭal Buḥneḳ
/authors/OL6357472A;Charlotte Strong
/authors/OL8024454A;Robert Setio
/authors/OL12826211A;Damian Grassi
/authors/OL7728411A;Kimberly Kluger-Bell
/authors/OL10593197A;Brent Suter
/authors/OL6303626A;Gertrude Florence Behanna
/authors/OL3029486A;Deborah Watley
/authors/OL5413890A;International Symposium on Electron Beam Ion Sources and Traps and their Applications (8th 2000 Upton, N.Y.)
/authors/OL8543429A;Jacopo Bruttini
/authors/OL314444A;Kannikā Čhuthāmāt Sumālī.
/authors/OL4403328A;Louis Dubrau
/authors/OL7427698A;Philip Sheridan Long
/authors/OL5842388A;Association des directeurs de bibliothèques centrales de prêt (France)
/authors/OL4933576A;Mary Lee Wood
/authors/OL9261445A;Alcoline
/authors/OL11614645A;Hezi Kalo
/authors/OL283185A;Encuentro Comunidad Campesina-Universidad (1st 1995 Cochabamba, Bolivia)
/authors/OL12999080A;Riedel JAGER
/authors/OL5599639A;Brian Inglis
/authors/OL11846436A;A. K. Smirnov
/authors/OL9590392A;Andre Panisson
/authors/OL4962409A;Teruo Kawamura
/authors/OL329640A;Eduardo Pires Oliveira
/authors/OL1499204A;Félix Martínez
/authors/OL11755116A;D. L. Hockin
/authors/OL8827788A;Taijun Inokuchi
/authors/OL6353885A;Donald Alan Rumbelow
/authors/OL7915371A;Geschäftsführung der Sachverständigenausschüsse des
/authors/OL10027997A;Noelia Raquel Toro
/authors/OL5923724A;Meïr Feigenberg
/authors/OL8810997A;Hamna Ahmed
/authors/OL6451025A;Barukh ʻAzgad
/authors/OL11614419A;Mamduh Muhammad Khasarah
/authors/OL2038222A;Charles D. Flory
/authors/OL4412835A;Ursula Sarrazin
/authors/OL7885165A;Kenneth W. Mckerns
/authors/OL11076272A;TriPickaty Academy
/authors/OL2325539A;Clark Belden
/authors/OL8990233A;Anja Weisgerber
/authors/OL7991061A;Jorge García Valcarcel
/authors/OL12074948A;Peter Ochlich
/authors/OL1492640A;Francis Paulina Lopes da Silva
/authors/OL7570199A;Shaykh al-Islam Ibn Taymiya
/authors/OL722450A;William H. Davenport
/authors/OL9998360A;Phil Yarnall
/authors/OL6960977A;Bjarne Jespersen
/authors/OL10631086A;Stanley D. Stewart
/authors/OL3087486A;William E. Mulligan
/authors/OL5475284A;Joan M. Eyles
/authors/OL3537661A;J. L. Forbes
/authors/OL6914794A;Annette Jorgensen
/authors/OL5065436A;G. Sirockin
/authors/OL8337392A;Raman Chopra
/authors/OL5647048A;Verena Jauch
/authors/OL6758497A;Diana K. Reese
/authors/OL1131844A;Hyla A. Troxell
/authors/OL7380059A;Anton Josef Lainveber
/authors/OL12773449A;Cherie Wood
/authors/OL1585548A;I. F. Zhezherun
/authors/OL3131526A;Lisa Fortunato
/authors/OL9206448A;Joanne Markey
/authors/OL11660756A;Congli Tang
/authors/OL1060684A;Frédérick A. Auguste
/authors/OL654376A;Leylâ Saz
/authors/OL4814635A;K. M. Parry
/authors/OL6028008A;Francis Augustus Hare
/authors/OL8829057A;Shōtōsai Richō
/authors/OL1905928A;India (Republic). Project Appraisal Division.
/authors/OL11764965A;Ukraine) Miz︠h︡dyst︠s︡yplinarni humanitarni chytanni︠a︡ (4th 2015 Kiev
/authors/OL8409229A;Rugby Union Publishing
/authors/OL983306A;Friedrich Wilhelm Schütze
/authors/OL856285A;Ion Roșu-Hamzescu
/authors/OL2734292A;Karl P. Mooney
/authors/OL9395247A;Chicago. Domestic Science Association
/authors/OL5672473A;G. Stuart McNeil
/authors/OL1715835A;Lilla Margaret Fox
/authors/OL3599102A;Madgearu Alexandru
/authors/OL9922462A;Harriette BainéD
/authors/OL9115830A;Norman B Rice
/authors/OL7951656A;Abdelkrim Haqiq
/authors/OL10658741A;Daria Smirnova
/authors/OL11570964A;Longhy Claude
/authors/OL3586054A;Ida Redway
/authors/OL3255330A;E. Weatherhead
/authors/OL11976316A;M. A. Ostrenkova
/authors/OL8836915A;Hélène Charron
/authors/OL3210387A;Beth Kelly
/authors/OL2240224A;Otis Lee
/authors/OL9516369A;Paul G. Roness
/authors/OL7652147A;James Hammersley
/authors/OL2459731A;Earl Sylvester Sparks
/authors/OL5431689A;Michel Léveillée
/authors/OL9351631A;Janet M Wright-Moore
/authors/OL3783528A;Augustus Baker Peirce
/authors/OL8899504A;Yufei Wang
/authors/OL3642401A;E. Blanche Woolls
/authors/OL11339668A;alexander sweeti
/authors/OL2237270A;J. O. Baker
/authors/OL1759053A;Gerard H. Shyne
/authors/OL12253689A;Harvey H. Potthof
/authors/OL1382131A;Per Gunnar Gabrielsen
/authors/OL7108739A;Dongheng Hao
/authors/OL6329705A;Great Britain. Scottish Education Department. Central Committee on English.
/authors/OL7853002A;Christoph Schlepphorst
/authors/OL1148329A;James Lutton
/authors/OL9588624A;J. H. Nebelsick
/authors/OL4709706A;Lucien Carr
/authors/OL875451A;Indian Society of Agricultural Engineers. Convention
/authors/OL11687099A;Alicja Róg
/authors/OL9501906A;Henry I. Spitz
/authors/OL1962447A;Daniel Banko
/authors/OL7216820A;Min-bo Yi
/authors/OL9497772A;Till Bronner
/authors/OL6878241A;Fajar Nugros
/authors/OL2160447A;R. Reed
/authors/OL3065557A;James Tobey
/authors/OL7581985A;Milton Célio de Oliveira Filho
/authors/OL7293090A;Manuel Modesto Gallegos
/authors/OL10024611A;Ryan Bailey
/authors/OL6654993A;Hendrick Frijlink
/authors/OL897113A;Earl Gustkey
/authors/OL7082102A;Tetsuji Aoki
/authors/OL9322798A;Giannis Kalpouzos
/authors/OL6050891A;John Lacy
/authors/OL9185664A;Glenn E Bugos
/authors/OL6060631A;John Barrett
/authors/OL10400236A;Davis Visari
/authors/OL3487947A;Troy Savage
/authors/OL8209652A;Claudia Hagedorn
/authors/OL1585114A;Salzburger Wirtschaftsenquete 1976.
/authors/OL4545999A;Cornulier-Lucinière, Raoul, comte de
/authors/OL4302458A;Harold E Marshall
/authors/OL11489952A;Grossetête, Charlotte, Grossetete, Charlotte
/authors/OL11249938A;Valerie Aniyah
/authors/OL7955262A;Latha Poonamallee
/authors/OL7164462A;Gary Lee Kavanagh
/authors/OL8224406A;Carrie Mason-Sears
/authors/OL81122A;Jeffrey Pearson
/authors/OL11900132A;Fetart (Association)
/authors/OL12270897A;john vincent
/authors/OL5569042A;Yuriĭ Pokidov
/authors/OL730320A;Frank Betker
/authors/OL7692571A;Lorna Bradley
/authors/OL1198668A;Roberto Rodríguez C.
/authors/OL3209557A;Mercedes L. Savatoure
/authors/OL8767696A;Shirō Kobori
/authors/OL5539703A;Clementi, Cecil Sir
/authors/OL4576956A;Biomechanical Research and Development Unit.
/authors/OL948801A;Hall, William K.
/authors/OL11971346A;Dedham Village Total Abstinence Association
/authors/OL12276134A;Neckers D.C.
/authors/OL12178624A;Mortimer Messing
/authors/OL6794172A;Luke S. H. Wright
/authors/OL11377909A;R. G. Partha
/authors/OL2785504A;Josef Kudrnovský
/authors/OL11491956A;Joseph Chase Allen
/authors/OL10955813A;L. Liebrand
/authors/OL11076814A;Nwadiogo Emma
/authors/OL10194411A;Arthur NELSON
/authors/OL7635409A;Constantino Khalaf
/authors/OL5366237A;Nikolaǐ Semenovich Evdokimov
/authors/OL4170348A;Fernando Soto
/authors/OL9398748A;Joseph R. Hawley
/authors/OL12429077A;Sören Hammerschmidt
/authors/OL842798A;Pat White
/authors/OL3364622A;C.G. Muniz
/authors/OL12054503A;Boi͡adzhiev, Stefan arkh
/authors/OL321974A;Jean-Christophe Garcia
/authors/OL3107662A;T. Kauko
/authors/OL11582483A;DC Comics Various Writers
/authors/OL12598440A;N. Emanuels
/authors/OL12446466A;Tawny Behning
/authors/OL1712346A;Gordon, Samuel
/authors/OL3025575A;Eleace King
/authors/OL4327300A;Maurice Leonard Jacks
/authors/OL8163534A;Roxanne Samer
/authors/OL8918738A;Burkhard Kastenbutt
/authors/OL1781831A;S. N. Frommel
/authors/OL9194843A;Arthur W. Marchmont
/authors/OL10965056A;Kellie Holbit
/authors/OL5829801A;Fred Olen Ray
/authors/OL3344495A;Marie Louise Friquegnon
/authors/OL5595741A;Riniah Al-Haiek
/authors/OL3887321A;Randy-lynne Wach
/authors/OL6129488A;Jean-Pierre Drouard
/authors/OL4090210A;Edgar Krellkamp
/authors/OL3108524A;Daniel T. Clerc
/authors/OL12141566A;Jiayuguan shi zhi ban gong shi
/authors/OL1335758A;Guo, Yuxin.
/authors/OL1761560A;Maria C. Roth
/authors/OL5648933A;I. Irani
/authors/OL7025413A;New York (State). Board of Social Welfare. Special committee to investigate children's hospitals and schools at Randall's island
/authors/OL20934A;Connie Willis
/authors/OL168088A;Jacob Eugene Gair
/authors/OL9319489A;Gertrude Russell
/authors/OL12127778A;Jacob Jesse Singer
/authors/OL10015074A;J. CALLEJAS
/authors/OL839751A;Robin Gilmour
/authors/OL11233887A;Jesse R. Stewart
/authors/OL5537598A;Gafū Izutsu
/authors/OL2369669A;Brown University. Class of 1858.
/authors/OL7079334A;Sura Nī
/authors/OL9561786A;Dr. Timothy V. Peterson
/authors/OL9286701A;Mr. Mark S Flower
/authors/OL5069351A;Julio Ramón Ribeyro
/authors/OL4964635A;Leone Spita
/authors/OL2386397A;Adolf Steuer
/authors/OL5864132A;Rong'an Chen
/authors/OL12862959A;India) Symposium on Sediment Problems in Irrigation and Drainage Channels (1965 New Delhi
/authors/OL473415A;Philipp Stähelin
/authors/OL3768001A;Amanda Louise Martin
/authors/OL11284484A;Manfred Foss
/authors/OL11170293A;Edition Les enfants
/authors/OL4085648A;David Henson
/authors/OL281129A;Olga Orozco
/authors/OL11584158A;Afrāḥ bint ʻAbd al-ʻAzīz ibn Ibrāhīm ʻAjlān
/authors/OL7154571A;Onggi Minsok Pangmulgwan (Korea)
/authors/OL7192164A;Francis Agricultural Society
/authors/OL4945676A;Favrolle Monsieur de.
/authors/OL11805021A;Joe Smith Publication
/authors/OL10980347A;Sohan Ahmad
/authors/OL11074096A;William Podo
/authors/OL10045318A;S. Y. S. Publishing
/authors/OL11561539A;Mauricio Rentería
/authors/OL6129153A;Marc Robert Fielder
/authors/OL7317408A;Michelle O'Neil
/authors/OL12291566A;Muller, Linda Lee Hamer, Jan,
/authors/OL5400974A;Robert J. Addy
/authors/OL4864017A;Angela Merry
/authors/OL12864680A;Tonghui Wang
/authors/OL8998296A;M. V. Li︠a︡khovit︠s︡kiĭ
/authors/OL3117344A;Samuel Osborne
/authors/OL1163926A;Bredo Berntsen
/authors/OL11022204A;Anais Bon
/authors/OL8095068A;Francoise Gueritte
/authors/OL11186282A;Wb Books
/authors/OL11938457A;Josef Franz Bank
/authors/OL9234731A;Dawn Larder
/authors/OL7381766A;Simon membre du district de la rue de la Couroierie
/authors/OL8639910A;A. R. Kassel
/authors/OL12596699A;Pierre De Senarclens
/authors/OL7234824A;Wilson, Frank T. (Frank Thompson)
/authors/OL6580096A;NHK bian ji xiao zu.
/authors/OL8305536A;International Tropical Timber Organization: Economic Commission for Europe
/authors/OL9941277A;Alberto Budía Alba
/authors/OL5475369A;Pavel Ivanovich Doronin
/authors/OL12355884A;lmenb Press
/authors/OL2140992A;Richard R. Broholm
/authors/OL9798555A;Jeremy Lehnen
/authors/OL7610823A;Ann Logue
/authors/OL8988658A;Dr.  John McClellan
/authors/OL4219009A;K. Iynkaran
/authors/OL12495945A;J. G. BARTHOLOMEW
/authors/OL2493351A;John Tyson
/authors/OL6608078A;Kiselev, A. A. doktor istoricheskikh nauk
/authors/OL1354119A;Bob Putman
/authors/OL7326582A;Vanessa Roam
/authors/OL12705459A;Javier Carrascosa Gonzalez y otros
/authors/OL8441226A;shit I. can't remember logbook publisher
/authors/OL2165508A;V. Donskoĭ
/authors/OL9184969A;Marta Breen & Jenny Jordahl
/authors/OL9845476A;Delores Ewalt
/authors/OL2194853A;Ambrosio González
/authors/OL2483381A;Kwaku Addo
/authors/OL8627821A;J. A. Milligan
/authors/OL2685950A;Todd Heatherton
/authors/OL8997995A;Alessandra Felice
/authors/OL10679398A;Jolie Spelman
/authors/OL1686575A;Ghislain Provencher
/authors/OL10276512A;Joseph Papin
/authors/OL5952377A;Chemical Rubber Co.
/authors/OL9211473A;Maureen Tisdale Batty
/authors/OL4881127A;Min Wu
/authors/OL1430699A;Martin, Gilles
/authors/OL4875393A;League of Nations.  5th Assembly, 1924.
/authors/OL1552922A;Gerd Neumes
/authors/OL2313267A;Frederick W. Johnson
/authors/OL9545592A;Sandeep Dhundhara
/authors/OL10088654A;Jaime McArdle
/authors/OL10753542A;Johnny Conley
/authors/OL1175738A;José de Jesús Cuevas
/authors/OL11880219A;Shuwei Wu
/authors/OL4350564A;P. E. Ingham
/authors/OL11092813A;Agnès Firzé
/authors/OL9185360A;Lake Erie And Western Railroa New York
/authors/OL7858087A;Britta Laws
/authors/OL5117719A;T. R. E Southwood
/authors/OL3324245A;T MACAULAY
/authors/OL4406574A;P J. Horner
/authors/OL6535382A;Adrien Adelman
/authors/OL11312589A;Jenifer Tubbs
/authors/OL6295614A;Richard A. Sternback
/authors/OL7772530A;Gordon H. Mueller
/authors/OL10637080A;Myréa Freitas
/authors/OL9900474A;Faiqa Mansab
/authors/OL6257586A;Conference on Classical (Non-Quantum) General Relativity (1983: London, England)
/authors/OL1979021A;William Vincent Byars
/authors/OL1171963A;W. M.
/authors/OL12056371A;Enmei Wan
/authors/OL5294907A;Libraries 2000: a Futures Symposium (1985 Toronto, Ont.)
/authors/OL4447597A;Syed Shafiq-ur Rehman
/authors/OL3655278A;Gloria Gomez
/authors/OL11853755A;Spain) Workshop Internacional de Arquitectura (2013 Valladolid
/authors/OL12185706A;WHO Scientific Group on Inherited Blood Clotting Disorders
/authors/OL3537921A;Ole Mejlhede Jensen et. al
/authors/OL893589A;Harold F. Breimyer
/authors/OL4619381A;Zhongguo di 1 li shi dang an guan.
/authors/OL6827535A;Francisco Javier de la Fita y Carrión
/authors/OL5541081A;Hobson, Oscar Rudolf Sir)
/authors/OL1716740A;Charlton B. Rogers
/authors/OL4525354A;Michael A. Davison
/authors/OL12777579A;ANTHONY,ROBERT
/authors/OL11998760A;Stephen J. W. Tabor
/authors/OL3811753A;C. E. Hocking
/authors/OL6247048A;Henry Martínez
/authors/OL2837236A;Anthony Mollica Jr
/authors/OL553445A;Simon, Marc.
/authors/OL605241A;Dane Lanken
/authors/OL5580887A;Zuhayr Ghāzī Zāhid
/authors/OL7959157A;Andrea ALTOBRANDO
/authors/OL11638059A;Gian Danton
/authors/OL11011020A;Leeann M Shane
/authors/OL8832996A;Isaac McKean Scarborough
/authors/OL9728799A;T. Junghans
/authors/OL1498227A;Noëlle Batt
/authors/OL12762134A;Alica Luna
/authors/OL12881040A;Makēs Synodinos
/authors/OL10218966A;Xavier Istasse
/authors/OL5193145A;José María de Carnerero
/authors/OL11584445A;Fayyad Ahmad Zawbai
/authors/OL10298894A;Rosa Del Valle Lucas
/authors/OL2980973A;Jacob D. Schwarz
/authors/OL4094569A;Frank Glittenberg
/authors/OL6884907A;Guillaume Protière
/authors/OL12027432A;United States. National Advisory Commission on Food and Fiber
/authors/OL7069138A;Ēmmanuēl Nazareantsʻ
/authors/OL9644482A;Débora Moreira
/authors/OL1133058A;Chōt Thō̜ngprayūn.
/authors/OL5261878A;Yulong Yang
/authors/OL7791206A;Wang qi yan
/authors/OL7427824A;Symposium on Underwater Physiology (2nd 1963 Washington, D.C.).
/authors/OL10586267A;Shashlik Fashion Sketchbook
/authors/OL4857006A;Ardy Clarke
/authors/OL5915280A;Robert Rives LaMonte
/authors/OL9347514A;Real Estate Continuing Education
/authors/OL6699938A;In-sik Kim
/authors/OL698481A;Peter Peacock
/authors/OL7118371A;Huifang Shen
/authors/OL11146800A;Darttrainerin Publishing Mh
/authors/OL2690176A;Charlemagne
/authors/OL10114410A;anwar El gharbaoui
/authors/OL11923476A;Great Britain. Parliament. House of Lords. European Union Committee
/authors/OL1715020A;Kennedy, Richard
/authors/OL1377199A;Manuel Maria Variz
/authors/OL11798098A;Nāgeśa Dube
/authors/OL9718431A;Gavin Hookway
/authors/OL6036698A;Ilone M. Eurchuk
/authors/OL10236119A;Prof. Gerhard E. Ortner
/authors/OL3309740A;Richard D. Field
/authors/OL8228865A;Thomasina Unsworth
/authors/OL10332917A;Karen Sumrall
/authors/OL11311031A;Graham Moeck
/authors/OL900422A;Dmitriĭ Proni͡akin
/authors/OL2014281A;Day Care and Child Development Council of America.
/authors/OL6839116A;USAID/Indonesia
/authors/OL5812126A;Peter Piggott
/authors/OL6252311A;Maḥbūb Riz̤vī
/authors/OL4062864A;Valliappan
/authors/OL1553093A;Barbara Koc
/authors/OL3016854A;Economic Development
/authors/OL132622A;Raymond Janin
/authors/OL11066346A;Taila Hendrix
/authors/OL13017815A;Paulo V. Castro
/authors/OL11206431A;Damianke Damianuse
/authors/OL9980981A;W. Higinbotham
/authors/OL4783250A;James L. Wardrop
/authors/OL6496957A;Nancy Sinatra
/authors/OL3517482A;Jules Mouquet
/authors/OL4315085A;Karl White
/authors/OL11938527A;Wataru Okamura
/authors/OL5693601A;Simon Gough Books (Firm)
/authors/OL5880968A;Claude Daniel de Laurès
/authors/OL10770291A;Kurt Buckman
/authors/OL6433031A;Masahiro Yamamoto
/authors/OL8173794A;Celeste Pedri-Spade
/authors/OL6620423A;Alain Piot
/authors/OL2682790A;A. Moriki
/authors/OL8413702A;Kimberly Burnham
/authors/OL8818777A;Jaringan Arsip Budaya Nusantara
/authors/OL11536580A;Tenkouma Emmanuel Yaoga Songdobamba Remi Nana
/authors/OL4217932A;Muhammad Abd Allah Juaydi
/authors/OL10284184A;Phil Drums Editions
/authors/OL8840831A;"Gensō Bungaku Shuppankyoku. ""Gensō Bungaku"" Henshūbu"
/authors/OL5410424A;Kjetil Torkildsen
/authors/OL3768513A;Patricia K. Arkeketa
/authors/OL4753016A;Alan Titchmarsh
/authors/OL12871633A;Hyŏp Namgung
/authors/OL8487340A;John Denyso
/authors/OL1156821A;Quang Nguyên.
/authors/OL9658992A;D. Frye
/authors/OL2814376A;Christopher P. Vogt
/authors/OL6726133A;Tennessee Reed
/authors/OL141763A;Romuald Zaniewski
/authors/OL12176492A;Kin'ichi Yoshioka
/authors/OL6065482A;Dramatist
/authors/OL12520387A;"Costin, W. C.; Watson, J. Steven"
/authors/OL2643252A;Sebastian Schindler
/authors/OL7102249A;Florbela Jorge
/authors/OL1138603A;Arno Paffrath
/authors/OL10362036A;Lucy Mack Smith
/authors/OL7935111A;I. Verploegh-Chassé
/authors/OL11484989A;Dov Ḳulah
/authors/OL10816920A;Dr John Chung
/authors/OL1191797A;Chris Crawford
/authors/OL9098779A;Compiled By James Pirie
/authors/OL6984365A;Yoshihiro Liu
/authors/OL5054027A;Ion Ratiu
/authors/OL5147047A;Xinghua Pan
/authors/OL3911134A;Corrieu/Batier/Labro
/authors/OL10127164A;Floyd Phillips Gibbons
/authors/OL10851182A;Cherie Cook
/authors/OL9654649A;Anita Herman
/authors/OL3270665A;Arthur E., Jr Jongsma
/authors/OL601973A;Slavko Splichal
/authors/OL483547A;Corine Defrance
/authors/OL158523A;Jack C. Williams
/authors/OL3887950A;Keith Dick
/authors/OL4152963A;Zichao Xu
/authors/OL6793674A;Piotr Litka
/authors/OL9248611A;Ken LaVecchia
/authors/OL2017339A;Virginia Shank Wilson
/authors/OL6971727A;Mike McMahan
/authors/OL4672877A;Gītā Mukhopādhyāẏa
/authors/OL5483838A;Naomi.* Nishimura
/authors/OL47546A;Jindra Tichá
/authors/OL2655353A;Alvin Arens
/authors/OL1679307A;Finn Hansen
/authors/OL91294A;Jornadas Internacionales de Derecho Penal (20th 1998 Bogotá, Colombia)
/authors/OL11660010A;NH) Maine Manufacturing Company (Nashua
/authors/OL11593847A;Amalya Grigoryan
/authors/OL9584432A;Samuel Paul Raj
/authors/OL5312675A;N. P. Runyan
/authors/OL11205861A;Alyson Sheldrake
/authors/OL5645336A;Valentina Trofimovna Gnevko
/authors/OL545405A;Raymond D. Boisvert
/authors/OL3377100A;Adrian Horridge
/authors/OL10401404A;Rabia
/authors/OL5434444A;Kyōko Endō
/authors/OL9907012A;Ilknur Dogu Öztürk
/authors/OL4899655A;J. V. Donnelly
/authors/OL8973551A;Yanling Zeng
/authors/OL2521831A;Montgomery Gibbs
/authors/OL11466177A;Marco Piccolroaz
/authors/OL12243658A;Will/Daivd Rhame
/authors/OL2000097A;Riana.
/authors/OL4178333A;Jishu Su
/authors/OL12662784A;Dani Bermúdez Herrero
/authors/OL3638364A;V. M. Kotlyakov
/authors/OL12982126A;"Nina Karamati&#263;"
/authors/OL8038103A;China Central Folk Orchestra Staff
/authors/OL3648996A;Ignatow
/authors/OL832536A;Martin S. Greenberg
/authors/OL3204024A;Britta-marei Lanzenberger
/authors/OL7856469A;H. Pringsheim
/authors/OL12195610A;arthur waskow
/authors/OL3355190A;SCHWEBER
/authors/OL3219569A;G. Samperio
/authors/OL1737102A;Ion Popescu-Sibiu
/authors/OL428114A;Richard Steele
/authors/OL8805695A;Bolivia) Asociación de Instituciones de Promoción y Educación (La Paz
/authors/OL11400235A;Lionel Robinault
/authors/OL5710341A;Toyokichi Yumoto
/authors/OL12768342A;Louis de Wohl.
/authors/OL4854065A;Susan Jane Woods
/authors/OL12583153A;Koldo Gotzon Irurzun Ugalde
/authors/OL3828690A;Robert J Greenleaf
/authors/OL12143711A;Fanchai Ruan
/authors/OL12661104A;MÓNICA SÁNCHEZ HERNAMPÉREZ
/authors/OL10215226A;IMPRIMERIE ROYALE
/authors/OL6417809A;Évrard de Rouvre
/authors/OL1240453A;Arthur Andrew Demarest
/authors/OL4657486A;Todd Christopher Folsom
/authors/OL11477269A;Frieda von Richthofen Lawrence
/authors/OL11154991A;Emecheta Callista Chinenye
/authors/OL2388872A;Rose Jeffries Peebles
/authors/OL10873240A;Lizandra Caon
/authors/OL3924216A;Yoshio Isogai
/authors/OL1882866A;Wolf Eichholz
/authors/OL3660600A;EPPINGER
/authors/OL9361644A;R. Leslie Smith JD LLM
/authors/OL7991336A;Emmett Stone
/authors/OL361978A;Jens Kleinemeyer
/authors/OL1561846A;Hans Peter Feddersen
/authors/OL8102332A;Gaurav Rajauria
/authors/OL245742A;Hans D. Seidl
/authors/OL12304395A;John Michael Green
/authors/OL1879080A;Klaus M. Girardet
/authors/OL10219828A;M.Y. Halidom
/authors/OL8922235A;Tōa Shisōsen Kenkyūkai
/authors/OL8823316A;Xin Xu
/authors/OL10607223A;Stefania Merlo
/authors/OL7530602A;Foley, Caroline (Writer on gardens)
/authors/OL6142141A;Isabella L. MacDonald
/authors/OL9142606A;Nan jian
/authors/OL11662563A;Stéphane Guerre
/authors/OL9323892A;Anne Marie Beaufort d'Hautpoul
/authors/OL9394816A;Campbell, Hugh Esq
/authors/OL11657464A;Alex Trusty
/authors/OL697775A;Muhrá Ḥasan Abū Saʻdah
/authors/OL5198654A;Samuel T. Buisán
/authors/OL11198906A;Malo Hudon
/authors/OL11743887A;Juan Miguel Morales
/authors/OL2086035A;T. Niggl
/authors/OL3345380A;Sandi Schlichting
/authors/OL9067950A;Spencer M. Rice
/authors/OL40558A;Sandra Greenstone
/authors/OL5955483A;Laurence Paneroy
/authors/OL10202944A;shawn mendes merch
/authors/OL10079691A;Maggie L Walker
/authors/OL9574400A;Geetali Saha
/authors/OL5803982A;HARINGEY. Social Services Department. Research Development and Training.
/authors/OL2071543A;Harry A. Kaplan
/authors/OL8671812A;Barbara Lecompte
/authors/OL1390089A;Steinberg, David
/authors/OL8644966A;Wilfred Mose
/authors/OL12500899A;[ MEI GUO ] KUN TING SI JIN NA
/authors/OL6823683A;Lela LaBree Stute
/authors/OL6833857A;Pusan Pangmulgwan
/authors/OL3371363A;Ramesh Krishan Ramananthan
/authors/OL12691321A;"Martínez Portela, Paulino; Figueras Huerta, Antonio"
/authors/OL10231365A;SÃ¸ren Larsen
/authors/OL5417288A;New York (State) Administrative Board of the Judicial Conference
/authors/OL2200263A;Michel Legay
/authors/OL6869704A;Kiran Sondhi
/authors/OL3652148A;John Poffenberger
/authors/OL1104715A;Katende Katsh M'Bika
/authors/OL5783872A;Wenzel Hübner
/authors/OL8203115A;Ammar Haouimi
/authors/OL1170713A;Joe Cahoon
/authors/OL9997715A;Annie Osburn
/authors/OL2735686A;S. P. Denyer
/authors/OL5453812A;amante de su patria Español
/authors/OL2657187A;Paolo LeCaldano
/authors/OL4502871A;Occidental North Sea Group. Public Affairs Department.
/authors/OL7595143A;Niurka
/authors/OL10751231A;Rachel E. Baddorf
/authors/OL1692239A;Danuta Barska-Antos
/authors/OL545991A;Brenda DePalma
/authors/OL6309184A;G. L. Lesko
/authors/OL2715003A;Beverly Rushin
/authors/OL9840287A;Jalisa Loggins
/authors/OL4333985A;Andre . Robinet
/authors/OL12116399A;Rodrigo Bravo Garrido
/authors/OL4962964A;Tue Gorgens
/authors/OL5692075A;Muhammad Akhtar Chaudhry
/authors/OL4572180A;Ḥayim Menaḥem Teichthal
/authors/OL1650948A;ʻAbd al-Laṭīf Mushtahirī
/authors/OL6916539A;V.L. Bonc-Bruevic
/authors/OL9980755A;Walter Knoke
/authors/OL12454515A;Susannah Field
/authors/OL10771965A;A. E. Solidoro
/authors/OL11273504A;Chilli Press
/authors/OL1395693A;Marleeta F. Basey
/authors/OL10937543A;Javier (KAPI) PEÑALBA
/authors/OL488083A;F. R. Likht
/authors/OL11973400A;Universität Leipzig (1991- ). Theologische Fakultät
/authors/OL2518796A;Narbonne. Bibliothèque municipale.
/authors/OL4801563A;E. Gwenydd Elwes
/authors/OL7787296A;Hoag Holmgren
/authors/OL3842194A;Rosalie McDermott
/authors/OL11283778A;Ifat Matzner Herooti
/authors/OL870288A;J. M. Puig Casauranc
/authors/OL1962733A;Sam Bruni
/authors/OL5577286A;Tʻu  c Huang
/authors/OL2697469A;Sir Ewans
/authors/OL12849177A;C. Beslay-Thellier de Poncheville
/authors/OL6055640A;Sir George Back
/authors/OL11407966A;Carpenter, Russell, Sweet, Charlie, Blythe, Hal
/authors/OL9381709A;Cyril John Williams
/authors/OL11550863A;Henry H. Calero Gerard I. Nierenberg
/authors/OL9143792A;Iqro’ Firdaus
/authors/OL4250895A;H Anderson
/authors/OL9817074A;Simple log books & journals
/authors/OL10230738A;Dietmar P. König
/authors/OL4650278A;Kommunisticheskaia partiia Sovetskogo Soiuza. Vysshaia partiǐnai︠a︡ shkola
/authors/OL12152020A;Dai Tōa Minzoku Koza (1st 1943 Tokyo, Japan, etc.)
/authors/OL4552084A;Mack Maurice Caldwell
/authors/OL10547521A;Theresa Caldwell
/authors/OL3297325A;Alla Rene Bozarth
/authors/OL7735994A;S.J. Pellingra Sr.
/authors/OL12003309A;Brian Blackburn
/authors/OL8292289A;Arup Kumar Sadhu
/authors/OL11062135A;Spencer Maxwell
/authors/OL3890703A;G. Bringuier
/authors/OL10283206A;Skyler Lauver
/authors/OL6243802A;Hans-Juergen Fink
/authors/OL8877589A;Ghulām Ḥusayn Muʻtamidī
/authors/OL5481014A;Jan Czernecki
/authors/OL7787483A;J. E. Grace
/authors/OL1265252A;Takahashi, Kyūichi
/authors/OL10501378A;BRADFORD B Taylor
/authors/OL2622916A;Shawn M. Mulligan
/authors/OL8854178A;Sirinramphai Praphanthawī
/authors/OL2078766A;H. V. Spanner
/authors/OL10547175A;Emilio Emilio Salgari
/authors/OL12562161A;Maritza Frade de Paz
/authors/OL8583432A;Ángel Ma. de Sancha Bech
/authors/OL3436804A;J. Bleux
/authors/OL7513450A;E. Prescott Sherrill
/authors/OL12535348A;Paul Syrier
/authors/OL8107861A;Harold Arthur Brack
/authors/OL7757152A;Cloresa Porter
/authors/OL10631997A;Frieda Lamberti
/authors/OL11250283A;Mohammad Abbas
/authors/OL3728287A;Mayai N. Chatman-Whitfield
/authors/OL6199392A;Aa. H. Kampp
/authors/OL7060916A;W. Patrick Law
/authors/OL8783696A;Nagasaki-ken Kyōikuchō. Bunkaka
/authors/OL8579471A;Eugênia Coelho Paredes
/authors/OL2736797A;Scott E. Denmark
/authors/OL12998239A;Patricia Glynn
/authors/OL1462306A;William F. Hickman
/authors/OL3381001A;H. Hhanss Landolt
/authors/OL12932722A;Shona Saul
/authors/OL5991197A;Illinois Constitutional Convention
/authors/OL1045082A;ʻAlī Muḥammad Naqvī
/authors/OL11277913A;Pixel Pictures
/authors/OL3631808A;Alicia Culver
/authors/OL1217972A;Diana Stephenson
/authors/OL6069505A;Association for Asian Studies (Meeting) (2003 New York, NY)
/authors/OL11725557A;Dimitŭr Avramov
/authors/OL4421650A;Harold F. Brooks
/authors/OL12772930A;Chilman-Blair, Rimmer, Ian
/authors/OL2175803A;Reinhold Kruppa
/authors/OL11094450A;Luke Roksiewicz
/authors/OL7953393A;Olga B.A. van den Akker
/authors/OL9983156A;Katherine Emberton
/authors/OL12003728A;Pengyuan Yan
/authors/OL3499683A;Keith Page
/authors/OL10794079A;Lori Holuta
/authors/OL2463889A;Harold Wallace Ross
/authors/OL9587333A;Douglas J. Den Uyl
/authors/OL11551608A;D. Khmyrov
/authors/OL10740358A;Sartorius Norman
/authors/OL12672344A;Thorsten Havener
/authors/OL10954876A;David Onjala
/authors/OL1899404A;Arturo Colombi
/authors/OL8564098A;Elyès Jouini
/authors/OL9666955A;Bays Mountain Park & Planetarium
/authors/OL8419965A;Clayton Bohnet
/authors/OL8798809A;Chemaline anak Osup
/authors/OL3028702A;Johannah Bluedorn
/authors/OL6079996A;Constance Naden 
/authors/OL12607349A;Camila Torres
/authors/OL6749590A;A. Nicole C. O'Neill
/authors/OL12268246A;Spove, Steen H. , Ed.
/authors/OL6943263A;Maria Zina Gonçalves de Abreu
/authors/OL12688557A;Paula Zaderenko Partida
/authors/OL10348512A;Jorge Insunza Gregorio de las Heras
/authors/OL8070287A;Peter J. Cohen
/authors/OL10897576A;Alev Art
/authors/OL676523A;Michael Leydon
/authors/OL1608162A;Fiona McDougall
/authors/OL6424628A;Centre d'étude, d'animation, de formation et de coordination en faveur du logement des populations en mutations économique et sociale
/authors/OL5476238A;Rosaleen Rushe
/authors/OL12252937A;The Staff of Popular Mechanics
/authors/OL610125A;E. O. De Munnik
/authors/OL10465569A;Kunst- und Ausstellungshalle der Bundesrepublik Deutschland GmbH
/authors/OL5261397A;Mauricio Jiménez
/authors/OL2650696A;Stephane Eranian
/authors/OL11509322A;Joanna Doxey
/authors/OL5815741A;Phillip M. Ligrani
/authors/OL3160002A;Sarah Cuttle
/authors/OL158324A;Kermit Bird
/authors/OL10338828A;Valerie Plante and Delphie Côté-Lacroix
/authors/OL9492816A;J. C. Suary
/authors/OL12114689A;Muḥammad Aslam Ṣiddīqī
/authors/OL8939200A;Ricardo Aguilar
/authors/OL12621474A;José Durán
/authors/OL11573618A;Leila Graziela Costa Oliveira
/authors/OL10896221A;Victor Condorcet Vinje
/authors/OL1454670A;Max L. Warshauer
/authors/OL11437727A;Bénédicte Beaujouan
/authors/OL8020614A;James C. Ingebretsen
/authors/OL1276404A;British Columbia Mine Reclamation Symposium (3rd 1979 Vernon, B.C.)
/authors/OL10658358A;Aleksandra Lewicki
/authors/OL3926278A;Victor Godot
/authors/OL2364598A;Arthur T. Edmonds
/authors/OL11841715A;Jin Soyano
/authors/OL4495543A;Rutherford and Appleton Laboratories.
/authors/OL5769610A;Stepanida Fedorovna Kustri︠a︡bova
/authors/OL1098474A;Paula M. Clifford
/authors/OL8725519A;Guo shi guan (China : Republic : 1949- ). Taiwan wen xian guan
/authors/OL4522792A;United States. Animal and Plant Health Inspection Service. Plant Protection and Quarantine Programs
/authors/OL9078994A;Christophe RICHARD
/authors/OL2899742A;Brenda Stewart
/authors/OL2164455A;Charles E. Tuttle and Company, Rutland, Vt.
/authors/OL4373425A;Wilfred Grantham
/authors/OL3695957A;W.M. Adam
/authors/OL10046936A;Flip MCGYVER
/authors/OL5947292A;Boris Slutskii
/authors/OL10675450A;James S.A. Corey
/authors/OL3679105A;Gary Gower
/authors/OL2107805A;James V. Mitchell
/authors/OL7159102A;Bettina Greiner
/authors/OL9595829A;Sebastian Lucas
/authors/OL11382542A;Brayan Solis
/authors/OL219159A;Georg Hallensleben
/authors/OL5856719A;International Conference on Condensation and Ice Nuclei, 7th, Prague and Vienna, 1969
/authors/OL2911393A;Center for Biologics Evaluation and Research (U. S.)
/authors/OL8437094A;summer's camp publishing
/authors/OL2380810A;Olaf Hendriks
/authors/OL1000671A;Muʼtamar al-Āthār fī al-Bilād al-ʻArabīyah (9th 1980 Sanaa, Yemen)
/authors/OL12390843A;Thierry Yerochewski
/authors/OL162152A;Ella Farman Pratt
/authors/OL1791550A;Adam Klich
